Number,Date,Tortilla,Cheese,Bean,Green,Sauce,Meat,Veggie,Restaurant,Seasoning,method,Other
1,1-Jan,Mission,Colby Jack,Black,,7-layered dip,,,,,pan,
2,2-Jan,Mission,cheddar,,,Guasacaca,,,,,pan,
3,3-Jan,Mission,some,,,Hummus,,,,,pan,
4,4-Jan,Mission,some,,,Spinach Artichoke,,,,,pan,
5,5-Jan,Mission,cheddar,,,,Garlic steak,,,,pan,
6,6-Jan,Mission,Swiss,,,Garlic marinade,Garlic steak,,,,pan,
7,7-Jan,Mission,mozzarella,,,,Garlic steak,roasted tomato,,,pan,
8,8-Jan,Mission,mozzarella/cheddar,,,,egg,potato,,,pan,
9,9-Jan,Mission,some,,,,teriyaki beef,orange,,,pan,
10,10-Jan,Mission,some,some,,garlic,,,,,pan,
11,11-Jan,Mission,some,some,,,egg,potato,,,pan,
12,12-Jan,some,some,,lettuce,guacamole/sour cream,chicken,tomato,Guero,,pan,
13,13-Jan,some,some,,lettuce,apple butter/guacamole,chicken,tomato,Guero,,pan,
14,14-Jan,Mission,some,,,café rio dressing,egg,potato/tomato,,,pan,
15,15-Jan,Mission,some,black,,apple butter/mango habanero/horseradish,egg,potato,,,pan,
16,16-Jan,Mission,mozzarella,,,mango habanero,pepper bacon,,,,pan,
17,17-Jan,,,,,,,,,,,
18,18-Jan,Mission,Colby Jack,black,spring mix,mango habanero,,onion/tomato,,,pan,
19,19-Jan,Mission,some,,,,,cucumber,,Chile lime,pan,
20,20-Jan,Mission,Colby Jack,black,spring mix,lime juice/mango habanero,,onion/tomato/cucumber,,,pan,
21,21-Jan,Mission,mac&,,,,sloppy joe,,,,pan,
22,22-Jan,,,,,,,,,,,
23,23-Jan,Mission,cream,,,mango habanero,,potato,,,pan,
24,24-Jan,Mission,cheddar,,,red enchilada,chicken,,,,pan,
25,25-Jan,Mission,goat,,,,,,,,pan,
26,26-Jan,Mission,outer cheddar,black,,mango habanero,,,,,pan,
27,27-Jan,Mission,outer cheddar,pinto,spring mix,mango habanero,,onion,,,pan,
28,28-Jan,Mission,some,,,mango habanero,,,,,microwave,
29,29-Jan,Mission,Mexican crumbling/fresh mozzarella,pinto,,pizza,,,,,pan then oven,
30,30-Jan,Mission,Colby Jack,,,,fish,tomato,,,pan,
31,31-Jan,Mission,Mexican crumbling/fresh mozzarella,,lettuce,basil paste/mango habanero/pizza,fish,,,,oven then pan,
32,1-Feb,Mission,some,,,,,,,,pan,
33,2-Feb,Mission,Mexican crumbling,,,basil paste/mango habanero,fish,,,chile lime,pan,
34,3-Feb,Mission,sharp cheddar,refried navy,,fry,,,,,pan,
35,4-Feb,Mission,cheddar,refried black,spring mix,,,avocado/tomato,,,,
36,5-Feb,Mission/corn,sharp cheddar,some,,basil paste/mango habanero,fish,avocado/tomato,,,,
37,6-Feb,Mission,some,black,spring mix,mango habanero,egg,avocado/tomato/potato,,,,
38,7-Feb,Mission,ricotta,,,,ground beef,lasagna,,,,
39,8-Feb,corn,cheddar,,,,ground beef,avocado/tomato,,elote,,
40,9-Feb,corn,fresh mozzarella,,,basil paste,,tomato,,,,
41,10-Feb,Mission,sharp cheddar,refried black+pinto,spring mix,verde/tapatio,,avocado/tomato/onion,,,,
42,11-Feb,Mission/corn,fresh mozzarella/sharp cheddar,pinto,spring mix,mango habanero,,onion/tomato,,,,
43,12-Feb,Mission,cheddar,,spinach,salsa/sour cream/tomato soup,egg tortilla,mushroom/tomato,,garlic,,
44,13-Feb,Mission,sharp cheddar,pinto,spring mix,mayonnaise/salsa,,sauteed onion,,garlic,,
45,14-Feb,Mission,sharp cheddar,black,spring mix,mango habanero,,sweet potato,,garlic,,
46,15-Feb,Mission,cream,,spring mix,mango habanero,,microwave potato,,cocoa cinnamon sugar,,
47,16-Feb,Mission,cheddar,black,,bacon grease/mango habanero,,,,,,
48,17-Feb,Mission,ricotta,black,,,,,,chile lime,,
49,18-Feb,Mission,mascarpone,,,tapatio,taco beef,mashed potato,,salt,,
50,19-Feb,Mission,mascarpone,navy,,,,,,,,
51,20-Feb,corn,brie,,,raspberry jam,,,,,,
52,21-Feb,Mission,Monterey Jack,black,,tapatio,,avocado/tomato/onion,,,,
53,22-Feb,Mission,Monterey Jack,black,spring mix,verde,,avocado/tomato/onion,,,,
54,23-Feb,Mission,Monterey Jack,,spring mix,tapatio,,avocado/tomato/onion,,,fried,
55,24-Feb,Mission,Monterey Jack,refried navy,spring mix,,,avocado/tomato/onion,,,,
56,25-Feb,Mission,Monterey Jack,cannellini,spring mix,,,tomato/onion,,,,
57,26-Feb,Mission,outer monterey,refried cannellini,,verde,,tomato/onion,,chile lime,,
58,27-Feb,Mission,outer monterey,refried navy,,,,,,elote,,
59,28-Feb,Mission,Monterey Jack,chickpeas,,,,,,paprika,,
60,1-Mar,corn/raw,Monterey Jack,,,raspberry jam,,brussels sprouts/zucchini,,,,
61,2-Mar,raw,Monterey Jack,black,,verde,,onion,,,,
62,3-Mar,raw,Monterey Jack,black,,verde,,onion,,,fried,
63,4-Mar,raw,Monterey Jack,pinto,,verde,,tomato,,,,
64,5-Mar,corn,parmesan,,,pesto,,,,,,
65,6-Mar,raw/corn,cheddar,kidney,spring mix,mango habanero,,tomato,,,,
66,7-Mar,raw,cheddar,kidney,,mango habanero,,avocado/tomato,,,,
67,8-Mar,raw,cheddar,,,pesto/mango habanero,,broccoli,,,,macaroni
68,9-Mar,raw,cheddar,kidney,spring mix,mango habanero,,tomato/onion,,,,macaroni
69,10-Mar,raw,cheddar,kidney,spring mix,mango habanero,,avocado/tomato,,,,
70,11-Mar,raw,cheddar,kidney,,mango habanero,,avocado/tomato/onion,,,,
71,12-Mar,Mission/raw,cheddar,kidney,spring mix,mango habanero/basil,fish,tomato,,,,
72,13-Mar,raw,cheddar,kidney,spring mix,verde,,avocado/tomato/onion,,,,
73,14-Mar,Mission,cheddar,red,,verde,,,,,,
74,15-Mar,Mission,cheddar/sharp cheddar,red,,verde,,onion,,,,
75,16-Mar,Mission,cheddar/sharp cheddar,red/black,spring mix,verde,,,,,,
76,17-Mar,Mission,sharp cheddar,black,,mango habanero,,,,,,
77,18-Mar,raw,sharp cheddar,black,,mango habanero,,sweet potato,,,,
78,19-Mar,raw,sharp cheddar,kidney,,victoria/tapatio,,,,,,
79,20-Mar,raw,sharp cheddar,,,basil/tapatio,fish,sweet potato,,,,
80,21-Mar,raw,sharp cheddar,,,pasta/basil,,,,italian,,macaroni
81,22-Mar,raw,parmesan,black,,mango habanero/basil,fish,,,,,
82,23-Mar,raw,sharp cheddar,black,,victoria,,,,,,
83,24-Mar,raw,sharp cheddar,black/kidney,,mango habanero/basil,fish,,,,butter fried,
84,25-Mar,raw,sharp cheddar,kidney,,mango habanero,,,,taco,butter fried,
85,26-Mar,raw,parmesan,kidney,lacinato,mango habanero,,,,chile lime,,
86,27-Mar,raw,fiesta,black,dandelion,mango habanero,chorizo,heirloom tomato/avocado,,,,
87,28-Mar,mission,fiesta,,,tapatio,chorizo,tomato/avocado/onion,,,,
88,29-Mar,raw,colby jack,navy,dandelion,verde,chorizo,tomato,,chile lime,,
89,30-Mar,,,,,,,,,,,
90,31-Mar,raw,colby jack,,,,tuna,watermelon radish/tomato,,,,
91,1-Apr,raw,fiesta,navy,dandelion,verde,,,,,,macaroni
92,2-Apr,,,,,,,,,,,
93,3-Apr,Mission,fiesta,black,,mango habanero,,,,,,
94,4-Apr,Mission,fiesta,lentils,,mango habanero,,asparagus/onion/tomato,,,,
95,5-Apr,corn,fiesta,,,,,,,,,
96,6-Apr,raw,fiesta,black,,pasta,,,,,,
97,7-Apr,Mission,fiesta,black,,,egg,bell pepper/tomato/zucchini/onion/potato,,garlic/chile lime,,
98,8-Apr,Don Julio,fiesta,,,verde,,zucchini/bell pepper,,,,
99,9-Apr,Don Julio,fiesta,,,verde,egg,bell pepper/tomato/zucchini/onion/potato,,,,
100,10-Apr,jalapeno raw,colby jack,,mustard,verde,,tomato/onion,,,,
101,11-Apr,jalapeno raw,fiesta,,,,,,,,,
102,12-Apr,jalapeno raw,colby jack,,mustard,red guasacaca/mango habanero,egg,bell pepper/tomato/zucchini/onion/potato,,,,
103,13-Apr,jalapeno raw,colby jack,,,red guasacaca,chicken,bell pepper/potato,,,,
104,14-Apr,jalapeno raw,fiesta,navy,mustard,,chicken,avocado/tomato/onion,,,,
105,15-Apr,jalapeno raw,some,black,mustard,mango habanero,,sweet potato/zucchini,,garlic,,
106,16-Apr,jalapeno raw,colby jack,black,mustard,verde,chicken,tomato/corn,,chile lime,,
107,17-Apr,jalapeno raw,colby jack,black,,verde/mango habanero,,bell pepper/corn/avocado,,,,
108,18-Apr,jalapeno raw/Mission raw,Cache medium,black/navy,,tapatio,,bell pepper/corn/avocado,,garlic/chile lime,,
109,19-Apr,Mission raw,Cache medium,navy,mustard,verde,,avocado,,,,
110,20-Apr,Mission raw,Cache medium,navy,,mango habanero,,,,,,
111,21-Apr,Mission raw,Cache medium,,,mango habanero,,,,,,
112,22-Apr,raw wheat,Monterey Jack,,,,,avocado/tomato,,,,
113,23-Apr,raw wheat,mozzarella,black,,mayonnaise,,tomato,,,,
114,24-Apr,raw wheat,mozzarella,black,,,,avocado/tomato/onion,,,,
115,25-Apr,raw wheat,Monterey Jack,navy,collard,mayonnaise,,tomato/onion,,,,
116,26-Apr,raw wheat,Monterey Jack,,,verde,sausage,tomato/onion/sweet potato,,,,
117,27-Apr,raw wheat,Monterey Jack,black,collard,mayonnaise/tapatio,,cucumber/tomato,,,,
118,28-Apr,raw wheat,Monterey Jack,black,collard,mayonnaise/verde,,cucumber/tomato,,,,
119,29-Apr,raw wheat,Monterey Jack,black,collard,mayonnaise/mango habanero,,cucumber/tomato/onion,,,,
120,30-Apr,naan,Monterey Jack,,,,,,,,,curry
121,1-May,raw,Monterey Jack,black,collard,bbq,,,,,,rice
122,2-May,raw,mozzarella,black,,mango habanero,,,,,,rice
123,3-May,raw,Monterey Jack,black,,bbq,,,,,,rice
124,4-May,raw,Monterey Jack,navy,collard,mango habanero,,onion,,garlic,,
125,5-May,raw,Monterey Jack,navy,,mango habanero,,white sweet potato,,,,
126,6-May,raw,Monterey Jack,black,collard,bbq,,cucumber,,,,
127,7-May,raw,mozzarella,black,,mayonnaise/tapatio,,cucumber,,,,
128,8-May,raw,mozzarella,garbanzo,,mango habanero,,,,,,
129,9-May,raw,cheddar,black,kale,,,avocado/tomato,,,,
130,10-May,raw,cheddar,navy,kale,mango habanero,,cucumber/avocado,,,,
131,11-May,raw,cheddar,black,kale,,,cucumber,,,,
132,12-May,raw,cheddar,black,kale,verde,,cucumber/avocado/tomato/onion,,,,
133,13-May,raw,cheddar,black,kale,,,avocado/tomato/cucumber/sauteed onion,,,,
134,14-May,raw,cheddar,black,kale,tapatio,,tomatillo/tomato/avocado/cucumber,,,,
135,15-May,raw,cheddar,black,,verde,,tomato/mushroom/cucumber/onion,,garlic,,
136,16-May,raw,cheddar,black,,verde,,mushroom/cucumber/onion,,,,
137,17-May,raw,some,,,,,bell pepper,,,,
138,18-May,raw,cheddar,black/garbanzo,,verde,,cucumber/tomato/onion,,,,
139,19-May,raw,cheddar,black/garbanzo,,verde,,cucumber/avocado/bell pepper/onion/tomato,,,,
140,20-May,raw,cheddar,,,verde,,avocado,,,,popcorn
141,21-May,jalapeno raw,cheddar,black/garbanzo,,verde,,onion/bell pepper,,,,
142,22-May,jalapeno raw,cheddar,,,hummus,,avocado,,,,
143,23-May,jalapeno raw,Monterey Jack,,,,ham,avocado,,,,
144,24-May,jalapeno raw,Monterey Jack,,mustard,,ham,mushroom/avocado/tomato,,,,
145,25-May,jalapeno raw,Monterey Jack,black,,,ham,avocado/tomato/onion,,,,
146,26-May,jalapeno raw,Monterey Jack,,mustard,hummus,ham,avocado,,,,
147,27-May,jalapeno raw,Monterey Jack,black,mustard,hummus,,,,,,
148,28-May,jalapeno raw,Monterey Jack,,,verde/tapatio,,,,,,
149,29-May,raw,Monterey Jack,,,mango habanero,,cauliflower/avocado,,,,
150,30-May,raw,Monterey Jack,,,,,,,,,macaroni
151,31-May,azul,Monterey Jack,,,tapatio,,tomato,,,,
152,1-Jun,azul,Monterey Jack,,,tapatio,,avocado/onion,,,,
153,2-Jun,raw,Monterey Jack,black,,mango habanero,ham,cucumber/tomato/onion/avocado,,chile lime,,
154,3-Jun,raw,Monterey Jack,navy,,verde,,cucumber/tomato/onion,,chile lime,,
155,4-Jun,raw,Monterey Jack,navy,romaine,verde,,cucumber,,,,
156,5-Jun,raw,Monterey Jack,,,verde/peanut butter/cream cheese,,banana,,,,oatmeal
157,6-Jun,azul,cheddar,,,,,,,,,
158,7-Jun,raw,Monterey Jack,navy,kale,bbq,,tomato,,,,
159,8-Jun,azul,Monterey Jack,,kale,,,,,,,
160,9-Jun,azul,Monterey Jack,navy,,verde,,avocado,,elote,,
161,10-Jun,raw,Monterey Jack,,,,,mushroom/cucumber/avocado,,chile lime,,
162,11-Jun,raw,Monterey Jack,,,apricot jam,,almond,,,,
163,12-Jun,pan,Monterey Jack,navy,,,egg,,,elote,,
164,13-Jun,pan,Monterey Jack,,,tapatio,,tomato,,,,
165,14-Jun,raw,feta,garbanzo,,tzatziki,,,,,,
166,15-Jun,raw,feta,,,tzatziki,chicken,,,,,
167,16-Jun,,,,,,,,,,,
168,17-Jun,raw,Monterey Jack,garbanzo,,tzatziki,,,,,,
169,18-Jun,raw,colby jack,garbanzo,,mustard,,,,,,
170,19-Jun,azul,colby jack,,,mango habanero,,avocado,,elote,,
171,20-Jun,azul,cheddar,,,,,,,cumin,,
172,21-Jun,raw,outer cheddar,,,,hot dog,avocado,,,,
173,22-Jun,raw,colby jack,garbanzo,,,hot dog,avocado,,,,
174,23-Jun,azul,colby jack,black,,verde,,,,chile lime/elote,,
175,24-Jun,azul,colby jack,black,,verde,,,,chile lime/elote,,
176,25-Jun,azul,cream,,,,,,,,,
177,26-Jun,raw,mexican,,,,bacon,avocado,,,,
178,27-Jun,raw,mexican,,,,bacon/egg,avocado,,,,
179,28-Jun,azul,colby jack,black,,verde,,avocado/red onion/asparagus,,,,
180,29-Jun,raw,colby jack,,,verde,,red onion/asparagus,,,,
181,30-Jun,raw,colby jack,black,,,,,Choices,,,
182,1-Jul,raw,colby jack,,,verde,hot dog,red onion,,,,
183,2-Jul,raw,colby jack,black,,mango habanero/mayonnaise,,,,,,
184,3-Jul,raw,colby jack,black,,pico guac,,,,,,
185,4-Jul,azul,colby jack,,,pico guac,,,,,,
186,5-Jul,azul,colby jack/queso,navy,,pico guac,,mushroom/green onion,,elote,,
187,6-Jul,azul,colby jack,,,pico guac,,mushroom/potato,,,,
188,7-Jul,azul,colby jack,navy,lettuce,tomatillo avocado,,,,,,
189,8-Jul,pan,cream/violife,,,yogurt/tomatillo avocado,,raspberry/blueberry,,,,pancake
190,9-Jul,pan,daiya cheddar,navy,,tomatillo avocado,,avocado,,,,
191,10-Jul,pan,miyoko,,,,,,,,,
192,11-Jul,azul,daiya cheddar,,spring mix,tomatillo avocado,,bell pepper,,,,
193,12-Jul,pan,daiya cheddar,,spinach,tomatillo avocado,,avocado/tomato,,,,
194,13-Jul,pan,daiya cheddar,black,,tomatillo avocado,,tomato,,chile lime/cumin,,quinoa
195,14-Jul,pan,daiya cheddar,black,,tomatillo avocado,,avocado/tomato,,,,
196,15-Jul,pan,violife,black,,tomatillo avocado,,avocado/tomato,,,,
197,16-Jul,pan,violife,black,,mango habanero,,avocado,,,,
198,17-Jul,azul,colby jack,black,,,,,,,,lard
199,18-Jul,azul,colby jack,,,,,,,,,lard
200,19-Jul,azul/raw,colby jack/mozzarella/muenster,,mustard,,pepperoni/chicken,cucumber/tomato/avocado,,,,
201,20-Jul,azul/raw,muenster/colby jack,black,,,chicken,avocado,,,,takis
202,21-Jul,azul,mozzarella,,,,pepperoni,,,,,
203,22-Jul,azul/raw,colby jack,black/kidney,mustard,,,avocado/tomato/onion,,,,
204,23-Jul,raw,fiesta,kidney,mustard,,,avocado/tomato/onion/jalapeno,,,,
205,24-Jul,raw,homemade,kidney,,,,,,,,
206,25-Jul,mission,garden veg,,,,,,,,,
207,26-Jul,corn,colby jack,,,asian chile,,,,,,
208,27-Jul,corn,colby jack,,,,,apple,,,,
209,28-Jul,mission,mozzarella,,,,,blueberry,,,,
210,29-Jul,corn/raw,colby jack,black,kale,verde,pepperoni,cucumber/avocado,,,,
211,30-Jul,raw,some,,,,,avocado/bell pepper,,,,
212,31-Jul,raw,some,,cole slaw,,pulled pork,,,,,
213,1-Aug,raw,colby jack,black,lacinato,sour cream/verde,,,,,,
214,2-Aug,corn,colby jack,,,tapatio,,onion,,,,
215,3-Aug,raw,paneer,black,kale,mango habanero,,tomato,,,,
216,4-Aug,raw,chihuahua,,,verde,,,,,,
217,5-Aug,raw,chihuahua,,kale,,,bell pepper,,,,
218,6-Aug,azul,chihuahua,black,,,,tomato,,,,
219,7-Aug,azul,chihuahua,,kale,hummus/sriracha/mango habanero,,tomato,,,,
220,8-Aug,,,,,,,,,,,
221,9-Aug,raw,chihuahua,tofu,,sriracha,,tomato,,,,
222,10-Aug,raw,chihuahua,black,,apple,,,,,,
223,11-Aug,azul,paneer,tofu,,hummus/verde/mayonnaise,,avocado/broccoli,,,,
224,12-Aug,Mission,colby jack,,,ranch,,,,,,
225,13-Aug,azul,chihuahua,black/tofu,,,,,,,,
226,14-Aug,azul,chihuahua,black/tofu,,,,zucchini,,,,
227,15-Aug,azul,chihuahua,,,,,portobello,,,,
228,16-Aug,azul/pan,chihuahua,black,,,,zucchini/avocado,,,,
229,17-Aug,mission,colby jack,,,tapatio,,,,,,
230,18-Aug,portobello/mission,chihuahua,black,,,,quinoa/onion/avocado/mushroom,,,,
231,19-Aug,pan,chihuahua,,,garlic tahini,,,,,,
232,20-Aug,pan,chihuahua,,,,garlic steak,,,,,
233,21-Aug,pan,chihuahua,tofu,,,,eggplant,,elote/salt/pepper,,
234,22-Aug,azul/pan,chihuahua,,,,egg,potato/zucchini,,ginger,,
235,23-Aug,azul/pan,oaxaca,,,,,,,,,
236,24-Aug,azul/pan,oaxaca,black,,tapatio,,eggplant/tomato,,garlic,,
237,25-Aug,azul/pan,oaxaca,,,garlic tahini,,tomato,,,,
238,26-Aug,azul/pan,oaxaca,,,garlic tahini,,tomato/zucchini,,,,
239,27-Aug,flour,some,,,,,,café rio,,,
240,28-Aug,azul/pan,colby jack,,,broth salsa,,,,,,
241,29-Aug,azul/pan,colby jack,kidney,,broth salsa,,,,,,
242,30-Aug,azul/pan,colby jack,,,broth salsa/garlic tahini,,,,,,
243,31-Aug,azul/pan,colby jack,black,,broth salsa,,zucchini,,,,
244,1-Sep,azul/pan,colby jack,black,,broth salsa,,tomato,,,,
245,2-Sep,azul/pan/milk,chihuahua,,,,,,,,,
246,3-Sep,azul/pan,colby jack,black,,garlic tahini/broth salsa,,tomato/avocado,,,,
247,4-Sep,azul/pan,colby jack,black,,garlic tahini/broth salsa,,cucumber,,,,
248,5-Sep,flour,colby jack,,,,,,,,,
249,6-Sep,azul/pan,colby jack,,,,,peach,,,,
250,7-Sep,flour,colby jack,red,,broth salsa,,cucumber,,,,
251,8-Sep,potato/azul,colby jack,,,,,,,,,
252,9-Sep,potato/azul,some,red,,,,,,,,
253,10-Sep,potato/azul,colby jack,,,sriracha/broth salsa,,,,,,
254,11-Sep,azul/chia,colby jack,,,,,,,,,
255,12-Sep,raw/lard,colby jack,,,,,,,,,
256,13-Sep,azul,colby jack,,,,tucanos,lettuce/tomato,,,,
257,14-Sep,azul/pan,some,black,,,,corn/lettuce/tomato/onion,,,,rice
258,15-Sep,yellow,colby jack,,,,,,,,,
259,16-Sep,yellow,colby jack,red,,,,,,,,
260,17-Sep,yellow,cache mild,,,,,,,,,
261,18-Sep,yellow,cache mild,,,apple,,,,,,
262,19-Sep,yellow,cache mild,,,tapatio,,avocado,,,,
263,20-Sep,yellow,cache mild,navy,,tapatio,,lettuce,,,,
264,21-Sep,yellow/lard,cache mild,,,salsa,,,,,,
265,22-Sep,yellow/olive oil,cache mild,black,,,,,,,,
266,23-Sep,raw,cache mild/cache monterey,black,mustard,lemon juice/mango habanero/victoria,,tomato/cucumber,,,,
267,24-Sep,raw,tillamook sharp white,,,,,,,,,
268,25-Sep,raw,cache monterey,black,mustard,,,avocado/tomato/onion/cucumber,,,,
269,26-Sep,yellow/pan,cache monterey/tillamook sharp white,black,,tapatio,,,,,,
270,27-Sep,raw,cache monterey,black,,,,avocado,,garlic,,
271,28-Sep,raw,cache monterey/tillamook sharp white,black,,tapatio,,avocado,,,,
272,29-Sep,raw,cache monterey,,romaine,,,portobello,,,,
273,30-Sep,yellow,cache monterey,,,,,portobello,,garlic,,
274,1-Oct,raw,cache monterey,black,,,,portobello,,,,
275,2-Oct,yellow/pan,cache monterey/tillamook sharp white,,,,,portobello,,,,
276,3-Oct,raw,cheddar,black,,,sausage,,,,,rice
277,4-Oct,yellow,tillamook sharp white,,,apple,,,,,,
278,5-Oct,pan,cache monterey,,,,,pomegranate,,,,
279,6-Oct,pan,mozzarella,,,,,pomegranate,,,,
280,7-Oct,pan,cache monterey/tillamook sharp white,,,,,tomato,,,,
281,8-Oct,yellow,cream,,,,,pomegranate,,,,
282,9-Oct,yellow,cache monterey/tillamook sharp white,black,,,,heirloom tomato/avocado,,,,
283,10-Oct,yellow,cache monterey,black,,café rio salsa,,,,,,
284,11-Oct,pan,cache monterey/tillamook sharp white,,,,,,,,,
285,12-Oct,yellow,tillamook sharp white,,,,chicken,heirloom tomato,,,,
286,13-Oct,yellow,tillamook sharp white,black,,,chicken,heirloom tomato/avocado,,,,
287,14-Oct,yellow,tillamook sharp white,black,,,chicken,bell pepper,,garlic,,
288,15-Oct,yellow,cache monterey,black,,,chicken,bell pepper,,garlic,,
289,16-Oct,yellow,cache monterey/tillamook sharp white,black,,,chicken,bell pepper/onion,,garlic,,
290,17-Oct,yellow,provolone,,,,,,,,,
291,18-Oct,yellow,provolone,,,victoria/tapatio,,avocado/onion,,,,
292,19-Oct,pan,cache mozzarella,black,,mango habanero,,onion/tomato,,,,
293,20-Oct,pan,provolone,,,,,heirloom tomato/avocado,,,,
294,21-Oct,pan,mozzarella,black,,,,bell pepper/avocado,,garlic,,
295,22-Oct,pan,provolone/cache mozzarella,black,,mango habanero,,,,,,
296,23-Oct,pan,provolone/cache mozzarella,,,tapatio,,tomato/avocado,,,,
297,24-Oct,pan,swiss,,,guasacaca,,,,,,
298,25-Oct,flour,some,,,,,,gurus,,,
299,26-Oct,pan,swiss/cache mozzarella,,,guasacaca,,,,,,
300,27-Oct,pan,cache mozzarella,black,,guasacaca,,tomato,,,,
301,28-Oct,pan,cache mozzarella,black,,guasacaca,,beefsteak tomato,,,,
302,29-Oct,pan,provolone/cache mozzarella,,,,,pomegranate,,,,
303,30-Oct,yellow,provolone/cache mozzarella,,,mango habanero,,cucumber,,,,
304,31-Oct,pan,provolone/cache mozzarella,black,lacinato,sabor mexicano,,,,,,
305,1-Nov,yellow,cache mozzarella,black,,sabor mexicano/tapatio,,cucumber,,,,
306,2-Nov,yellow,tillamook colby,,,sabor mexicano/tapatio,,tomato,,,,
307,3-Nov,raw,tillamook colby,black,lacinato,sabor mexicano/tapatio,,cucumber,,,,
308,4-Nov,yellow/mission,tillamook colby,,,,,,,,,
309,5-Nov,flour,tillamook colby,,,,,,,,,
310,6-Nov,flour,tillamook colby,,,,,bell pepper,,garlic,,
311,7-Nov,flour/coconut,tillamook colby,black,,sabor mexicano/tapatio,,,,,,
312,8-Nov,flour,tillamook colby,black,,sabor mexicano/mango habanero,,,,,,
313,9-Nov,pan,tillamook colby,black,,sabor mexicano/tapatio,,bell pepper,,,,
314,10-Nov,pan,tillamook colby,black,,sabor mexicano/ranch,,,,,,
315,11-Nov,azul/pan,tillamook colby,black,,sabor mexicano,,heirloom tomato,,,,
316,12-Nov,azul/pan,gruyere,,,sabor mexicano,,heirloom tomato,,,,
317,13-Nov,azul/pan,gouda,,,,,avocado/tomato,,,,
318,14-Nov,azul/pan,gruyere,,,,,yellow squash,,,,
319,15-Nov,azul/pan,gruyere,,,,,yellow squash/avocado,,,,
320,16-Nov,azul/pan,gruyere,,,,,onion,,,,
321,17-Nov,azul/pan,gouda/tillamook extra sharp white,,,,,yellow squash/avocado,,,,
322,18-Nov,azul/pan,tillamook extra sharp white/monterey jack,,,pico,,avocado,,,,
323,19-Nov,azul/pan,Monterey Jack,black,,pico,,,,,,
324,20-Nov,azul/pan,gouda,,,hummus/pico,,yellow squash,,,,
325,21-Nov,azul/pan,tillamook extra sharp white/monterey jack,,,hummus/pico,,avocado,,,,
326,22-Nov,azul/pan,tillamook extra sharp white/monterey jack/gouda,black,,hummus/pico,,,,,,
327,23-Nov,azul/pan,tillamook extra sharp white,,,hummus/pico,,tomato,,,,
328,24-Nov,azul/pan,Monterey Jack,,,,,,,garlic,,
329,25-Nov,azul/pan,cache colby,,,hummus,,,,,teflon/avocado oil,
330,26-Nov,azul/pan,cheddar,,,,,,,,teflon,funeral potatoes
331,27-Nov,azul/pan/sweet potato,tillamook extra sharp white/monterey jack,,,hummus,,tomato,,,,
332,28-Nov,oreo/flour/corn,cream,,,,,,,,,
333,29-Nov,azul/pan/nutritional yeast,tillamook extra sharp white/monterey jack,,,victoria,,,,,,
334,30-Nov,azul/pan,Monterey Jack,,,mayonnaise/hummus,tuna,,,,,
335,1-Dec,azul/pan/corn starch,tillamook extra sharp white/monterey jack,,,,,,,,,
336,2-Dec,azul/pan/corn starch,tillamook extra sharp white/monterey jack,black,,,,,,,,
337,3-Dec,azul/pan/corn starch,tillamook extra sharp white/monterey jack,,,sriracha,egg,,,,,
338,4-Dec,azul/pan/corn starch,tillamook extra sharp white/monterey jack,,,guacamole,,,,,,
339,5-Dec,azul/pan/corn starch,tillamook extra sharp white/monterey jack,black,,,,,,,,some
340,6-Dec,azul/pan/corn starch/brown butter,tillamook extra sharp white/monterey jack,,,bbq,,,,,,
341,7-Dec,pan/plantain,tillamook extra sharp white/monterey jack,,,,,,,,,
342,8-Dec,pan/azul,tillamook extra sharp white/monterey jack,black,,peanut butter,,,,,,
343,9-Dec,oreo/flour/corn,tillamook extra sharp white,,,,,,,,,
344,10-Dec,pan,tillamook extra sharp white,,,,,avocado,,,,
345,11-Dec,azul/pan,tillamook extra sharp white,,,,,tomato,,,,
346,12-Dec,azul/pan,tillamook extra sharp white,,,bbq,,avocado,,,,
347,13-Dec,azul/pan,tillamook extra sharp white,,,mayonnaise,,avocado,,,,
348,14-Dec,azul/pan,tillamook extra sharp white,black,,,,,,elote/garlic,,
349,15-Dec,azul/pan,outer tillamook extra sharp white,,,,,,,,,
350,16-Dec,azul/pan/corn starch,havarti,,,,,,,,,
351,17-Dec,flour,tillamook sharp white/cache monterey,,mustard,blackberry salsa,,avocado/cucumber/tomato,,,,
352,18-Dec,raw,feta/cache monterey/tillamook sharp white,lentils,,,,sweet potato/avocado,,lime juice,,
353,19-Dec,azul/pan,tillamook sharp white/cache monterey,,,blackberry salsa,,avocado/tomato/cucumber,,,,
354,20-Dec,flour,cache monterey,black,mustard,mayonnaise/blackberry salsa,,yellow squash/avocado,,garlic salt/lemon juice,,
355,21-Dec,flour,sharp cheddar,black,mustard,mayonnaise/blackberry salsa,,yellow squash/avocado,,garlic salt/lemon juice,,
356,22-Dec,flour,havarti,,mustard,blackberry salsa,,,,,,
357,23-Dec,azul/pan,havarti,,,,,mushroom,,,,
358,24-Dec,flour/azul/pan,havarti/sharp wisconsin,,,pico,,avocado,,,,
359,25-Dec,raw,edam/sharp cheddar,,,,beef,,,,,
360,26-Dec,pan/azul,edam,,,,,,,,,
361,27-Dec,pan/azul/agar,gruyere/sharp cheddar,,,,,,,,,
362,28-Dec,kamut/lard,gruyere/sharp cheddar,,,,,onion,,,,
363,29-Dec,raw,gruyere/sharp cheddar,,,,kielbasa,,,,,
364,30-Dec,kamut/lard,edam,,,mango chutney,,,,,,
365,31-Dec,azul/pan,tostitos/cottage,black eyed peas,,,catfish,,,,,
